Burklab_ID	BarcodeSequence	LinkerPrimerSequence	Rec.d.date	Process.Date	KEY														Description
NYDH0943	GTGACAGACCACAGATCGAT	GTGYCAGCMGCCGCGGTA	2/12/14	11/10/15	331810A														
NYDH0394	GTGAAGTGCTCACCTAGGAA	GTGYCAGCMGCCGCGGTA	11/19/13	10/22/15	329840A														
NYDH1470	GTCTACAGCCACAGATCGAT	GTGYCAGCMGCCGCGGTA	6/16/14	11/10/15	443170B														
NYDH0666	GTACGAAGACAACACTCCGA	GTGYCAGCMGCCGCGGTA	12/12/13	11/11/15	445880B														
NYDH0314	GTCTTGTCCTCACCTAGGAA	GTGYCAGCMGCCGCGGTA	11/19/13	10/20/15	332980A														
NYDH0262	GTCTCACTCTCACCTAGGAA	GTGYCAGCMGCCGCGGTA	11/19/13	10/20/15	333110A														
NYDH0278	GTCTCTCACTCACCTAGGAA	GTGYCAGCMGCCGCGGTA	11/19/13	10/20/15	220950B														
NYDH0291	GTCTGTCTCTCACCTAGGAA	GTGYCAGCMGCCGCGGTA	11/19/13	10/20/15	220950A														
NYDH0292	GTCTGTGACTCACCTAGGAA	GTGYCAGCMGCCGCGGTA	11/19/13	10/20/15	220860A														
NYDH0833	GTAGACCTGTGTTGTCGTGC	GTGYCAGCMGCCGCGGTA	2/12/14	11/5/15	448210A														
NYDH0696	GTCTGTGACCACAGATCGAT	GTGYCAGCMGCCGCGGTA	1/9/14	11/10/15	447120A														
NYDH1513	GTGTTGTGGTGTTGTCGTGC	GTGYCAGCMGCCGCGGTA	6/24/14	11/5/15	141270A														
NYDH0352	GTGAGTCTCTCACCTAGGAA	GTGYCAGCMGCCGCGGTA	11/19/13	10/22/15	332210A														
NYDH0284	GTCTCTGTCTCACCTAGGAA	GTGYCAGCMGCCGCGGTA	11/19/13	10/20/15	332180A														
NYDH0324	GTGAGACACTCACCTAGGAA	GTGYCAGCMGCCGCGGTA	11/19/13	10/22/15	139110B														
NYDH0487	GTGTCTGACTCACCTAGGAA	GTGYCAGCMGCCGCGGTA	12/12/13	10/27/15	443770A														
NYDH0649	GTCTGACACCACAGATCGAT	GTGYCAGCMGCCGCGGTA	12/12/13	11/10/15	133370A														
NYDH0648	GTCTCTCACCACAGATCGAT	GTGYCAGCMGCCGCGGTA	12/12/13	11/10/15	133370B														
NYDH1047	GTAGTCCACCACAGATCGAT	GTGYCAGCMGCCGCGGTA	2/27/14	11/10/15	134500B														
NYDH1078	GTGATGAGCCACAGATCGAT	GTGYCAGCMGCCGCGGTA	2/27/14	11/10/15	135860A														
NYDH0535	GTACACGTCCACAGATCGAT	GTGYCAGCMGCCGCGGTA	12/12/13	11/10/15	443450B														
NYDH0534	GTCTACTCGTGTTGTCGTGC	GTGYCAGCMGCCGCGGTA	12/12/13	11/5/15	443450A														
NYDH1359	GTCAGTGTCCACAGATCGAT	GTGYCAGCMGCCGCGGTA	5/29/14	11/10/15	445480A														
NYDH1442	GTCATGACCCACAGATCGAT	GTGYCAGCMGCCGCGGTA	6/16/14	11/10/15	327870A														
NYDH0606	GTACAGCTCCACAGATCGAT	GTGYCAGCMGCCGCGGTA	12/12/13	11/10/15	329620A														
NYDH0621	GTACAGGACCACAGATCGAT	GTGYCAGCMGCCGCGGTA	12/12/13	11/10/15	331100A														
NYDH0614	GTCTAGTGCCACAGATCGAT	GTGYCAGCMGCCGCGGTA	12/12/13	11/10/15	549140A														
NYDH0916	GTGACTGTGTGTTGTCGTGC	GTGYCAGCMGCCGCGGTA	2/12/14	11/5/15	138250B														
NYDH1138	GTGTAGAGCCACAGATCGAT	GTGYCAGCMGCCGCGGTA	3/21/14	11/10/15	325350A														
NYDH0773	GTACTCCTGTGTTGTCGTGC	GTGYCAGCMGCCGCGGTA	1/9/14	11/5/15	446660B														
NYDH1084	GTACTGCAACAACACTCCGA	GTGYCAGCMGCCGCGGTA	2/27/14	11/11/15	134240B														
NYDH0788	GTGAAGACGTGTTGTCGTGC	GTGYCAGCMGCCGCGGTA	1/9/14	11/5/15	443300A														
NYDH0717	GTACGTACGTGTTGTCGTGC	GTGYCAGCMGCCGCGGTA	1/9/14	11/5/15	445500A														
NYDH0786	GTAGACGACCACAGATCGAT	GTGYCAGCMGCCGCGGTA	1/9/14	11/10/15	140330B														
NYDH0690	GTACTCCTCCACAGATCGAT	GTGYCAGCMGCCGCGGTA	1/9/14	11/10/15	135790B														
NYDH0942	GTGACACTCCACAGATCGAT	GTGYCAGCMGCCGCGGTA	2/12/14	11/10/15	448050A														
NYDH0703	GTACTGGTCCACAGATCGAT	GTGYCAGCMGCCGCGGTA	1/9/14	11/10/15	223570A														
NYDH0542	GTCTCACTGTGTTGTCGTGC	GTGYCAGCMGCCGCGGTA	12/12/13	11/5/15	223610A														
NYDH0538	GTCTAGACGTGTTGTCGTGC	GTGYCAGCMGCCGCGGTA	12/12/13	11/5/15	223580A														
NYDH0577	GTCTAGACCCACAGATCGAT	GTGYCAGCMGCCGCGGTA	12/12/13	11/10/15	330130A														
NYDH0293	GTCTTCACCTCACCTAGGAA	GTGYCAGCMGCCGCGGTA	11/19/13	10/20/15	332160A														
NYDH1516	GTTCACCTGTGTTGTCGTGC	GTGYCAGCMGCCGCGGTA	6/24/14	11/5/15	141270B														
NYDH0753	GTACGTACACAACACTCCGA	GTGYCAGCMGCCGCGGTA	1/9/14	11/11/15	333270A														
NYDH0752	GTCTTGAGGTGTTGTCGTGC	GTGYCAGCMGCCGCGGTA	1/9/14	11/5/15	333160A														
NYDH0674	GTACGTACCCACAGATCGAT	GTGYCAGCMGCCGCGGTA	12/12/13	11/10/15	333060A														
NYDH0673	GTACGAAGGTGTTGTCGTGC	GTGYCAGCMGCCGCGGTA	12/12/13	11/5/15	332960B														
NYDH0441	GTGTAGAGCTCACCTAGGAA	GTGYCAGCMGCCGCGGTA	11/19/13	10/27/15	332130A														
NYDH0390	GTGAACTCCTCACCTAGGAA	GTGYCAGCMGCCGCGGTA	11/19/13	10/22/15	333120A														
NYDH0972	GTAGGATGCCACAGATCGAT	GTGYCAGCMGCCGCGGTA	2/12/14	11/10/15	326000B														
NYDH0834	GTAGCATCCCACAGATCGAT	GTGYCAGCMGCCGCGGTA	2/12/14	11/10/15	550360A														
NYDH1500	GTCATGACGTGTTGTCGTGC	GTGYCAGCMGCCGCGGTA	6/24/14	11/5/15	141280B														
NYDH0893	GTGAACTCCCACAGATCGAT	GTGYCAGCMGCCGCGGTA	2/12/14	11/10/15	327600B														
NYDH0800	GTCTTGAGCCACAGATCGAT	GTGYCAGCMGCCGCGGTA	1/9/14	11/10/15	550370A														
NYDH1510	GTCATGTGGTGTTGTCGTGC	GTGYCAGCMGCCGCGGTA	6/24/14	11/5/15	139600B														
NYDH1186	GTGTCAGTCCACAGATCGAT	GTGYCAGCMGCCGCGGTA	3/21/14	11/10/15	444300B														
NYDH1227	GTCAAGAGCCACAGATCGAT	GTGYCAGCMGCCGCGGTA	4/1/14	11/10/15	446720B														
NYDH1279	GTGTGACTCCACAGATCGAT	GTGYCAGCMGCCGCGGTA	4/16/14	11/10/15	448110B														
NYDH1473	GTCTACTCCCACAGATCGAT	GTGYCAGCMGCCGCGGTA	6/16/14	11/10/15	329300A														
NYDH1115	GTGATCACGTGTTGTCGTGC	GTGYCAGCMGCCGCGGTA	3/21/14	11/5/15	134240A														
NYDH0632	GTACCTAGCCACAGATCGAT	GTGYCAGCMGCCGCGGTA	12/12/13	11/10/15	136750B														
NYDH0860	GTCTTGTCCCACAGATCGAT	GTGYCAGCMGCCGCGGTA	2/12/14	11/10/15	331310A														
NYDH0986	GTAGGTTCCCACAGATCGAT	GTGYCAGCMGCCGCGGTA	2/12/14	11/10/15	329240B														
NYDH0657	GTCTGAGTCCACAGATCGAT	GTGYCAGCMGCCGCGGTA	12/12/13	11/10/15	330320A														
NYDH0736	GTCTGTGAGTGTTGTCGTGC	GTGYCAGCMGCCGCGGTA	1/9/14	11/5/15	330730B														
NYDH0735	GTACGATCACAACACTCCGA	GTGYCAGCMGCCGCGGTA	1/9/14	11/11/15	550440A														
NYDH0714	GTCTCTGTGTGTTGTCGTGC	GTGYCAGCMGCCGCGGTA	1/9/14	11/5/15	550440B														
NYDH0453	GTGTCACACTCACCTAGGAA	GTGYCAGCMGCCGCGGTA	11/19/13	10/27/15	550340B														
NYDH0484	GTGTCTCTCTCACCTAGGAA	GTGYCAGCMGCCGCGGTA	11/19/13	10/27/15	550540A														
NYDH1428	GTCATCTCGTGTTGTCGTGC	GTGYCAGCMGCCGCGGTA	6/16/14	11/5/15	331800A														
NYDH1145	GTACTGGTACAACACTCCGA	GTGYCAGCMGCCGCGGTA	3/21/14	11/11/15	549940A														
NYDH1200	GTGATGTCGTGTTGTCGTGC	GTGYCAGCMGCCGCGGTA	4/1/14	11/5/15	329075B														
NYDH0867	GTGAACAGCCACAGATCGAT	GTGYCAGCMGCCGCGGTA	2/12/14	11/10/15	333230A														
NYDH0473	GTGTCAGTCTCACCTAGGAA	GTGYCAGCMGCCGCGGTA	11/19/13	10/27/15	444490B														
NYDH0551	GTACCATGACAACACTCCGA	GTGYCAGCMGCCGCGGTA	12/12/13	11/11/15	445470A														
NYDH0825	GTACTGCAGTGTTGTCGTGC	GTGYCAGCMGCCGCGGTA	2/12/14	11/5/15	444470A														
NYDH0824	GTAGCAAGCCACAGATCGAT	GTGYCAGCMGCCGCGGTA	2/12/14	11/10/15	444470B														
NYDH0492	GTGTGAGACTCACCTAGGAA	GTGYCAGCMGCCGCGGTA	12/12/13	10/27/15	329250B														
NYDH0491	GTGTGACTCTCACCTAGGAA	GTGYCAGCMGCCGCGGTA	12/12/13	10/27/15	329250A														
NYDH0998	GTAGGTAGGTGTTGTCGTGC	GTGYCAGCMGCCGCGGTA	2/12/14	11/5/15	333250A														
NYDH1238	GTCACAGTGTGTTGTCGTGC	GTGYCAGCMGCCGCGGTA	4/1/14	11/5/15	220420A														
NYDH1208	GTAGACCTACAACACTCCGA	GTGYCAGCMGCCGCGGTA	4/1/14	11/11/15	135450A														
NYDH1306	GTCAGACTCCACAGATCGAT	GTGYCAGCMGCCGCGGTA	5/8/14	11/10/15	220430B														
NYDH1068	GTGATCTGCCACAGATCGAT	GTGYCAGCMGCCGCGGTA	2/27/14	11/10/15	136020A														
NYDH0979	GTAGGTAGCCACAGATCGAT	GTGYCAGCMGCCGCGGTA	2/12/14	11/10/15	325750A														
NYDH0926	GTGAAGACCCACAGATCGAT	GTGYCAGCMGCCGCGGTA	2/12/14	11/10/15	443800A														
NYDH0699	GTACTGCACCACAGATCGAT	GTGYCAGCMGCCGCGGTA	1/9/14	11/10/15	135880A														
NYDH0795	GTAGAGGTCCACAGATCGAT	GTGYCAGCMGCCGCGGTA	1/9/14	11/10/15	221340B														
NYDH0692	GTACTCGACCACAGATCGAT	GTGYCAGCMGCCGCGGTA	1/9/14	11/10/15	220510B														
NYDH0691	GTCTGTCTCCACAGATCGAT	GTGYCAGCMGCCGCGGTA	1/9/14	11/10/15	220510A														
NYDH0661	GTACGATCCCACAGATCGAT	GTGYCAGCMGCCGCGGTA	12/12/13	11/10/15	329710A														
NYDH0722	GTCTGAGTGTGTTGTCGTGC	GTGYCAGCMGCCGCGGTA	1/9/14	11/5/15	329100B														
NYDH0720	GTCTGACAGTGTTGTCGTGC	GTGYCAGCMGCCGCGGTA	1/9/14	11/5/15	549100A														
NYDH0742	GTCTTCACGTGTTGTCGTGC	GTGYCAGCMGCCGCGGTA	1/9/14	11/5/15	328980B														
NYDH0798	GTACTCCTACAACACTCCGA	GTGYCAGCMGCCGCGGTA	1/9/14	11/11/15	550370B														
NYDH0778	GTCTTCTGCCACAGATCGAT	GTGYCAGCMGCCGCGGTA	1/9/14	11/10/15	550360B														
NYDH0971	GTAGGATGGTGTTGTCGTGC	GTGYCAGCMGCCGCGGTA	2/12/14	11/5/15	330400A														
NYDH1059	GTGAGTGACCACAGATCGAT	GTGYCAGCMGCCGCGGTA	2/27/14	11/10/15	331380A														
NYDH0969	GTGAGACAGTGTTGTCGTGC	GTGYCAGCMGCCGCGGTA	2/12/14	11/5/15	325620A														
NYDH0946	GTAGCTACGTGTTGTCGTGC	GTGYCAGCMGCCGCGGTA	2/12/14	11/5/15	331390B														
NYDH0896	GTACTCGAACAACACTCCGA	GTGYCAGCMGCCGCGGTA	2/12/14	11/11/15	327600A														
NYDH0712	GTCTTCACCCACAGATCGAT	GTGYCAGCMGCCGCGGTA	1/9/14	11/10/15	328380A														
NYDH0941	GTGAAGTGCCACAGATCGAT	GTGYCAGCMGCCGCGGTA	2/12/14	11/10/15	220740A														
NYDH1225	GTCAAGTCGTGTTGTCGTGC	GTGYCAGCMGCCGCGGTA	4/1/14	11/5/15	224280A														
NYDH1420	GTACAGGAACAACACTCCGA	GTGYCAGCMGCCGCGGTA	6/16/14	11/10/15	443880B														
NYDH0764	GTACGTTGGTGTTGTCGTGC	GTGYCAGCMGCCGCGGTA	1/9/14	11/5/15	333190A														
NYDH0854	GTGACAGAGTGTTGTCGTGC	GTGYCAGCMGCCGCGGTA	2/12/14	11/5/15	223500B														
NYDH1218	GTGTAGAGGTGTTGTCGTGC	GTGYCAGCMGCCGCGGTA	4/1/14	11/5/15	220315A														
NYDH1333	GTCAGTGTGTGTTGTCGTGC	GTGYCAGCMGCCGCGGTA	5/8/14	11/5/15	550630A														
NYDH1332	GTAGCAAGACAACACTCCGA	GTGYCAGCMGCCGCGGTA	5/8/14	11/11/15	550630B														
NYDH1373	GTAGCATCACAACACTCCGA	GTGYCAGCMGCCGCGGTA	5/29/14	11/11/15	550560A														
NYDH1331	GTGTCTCTGTGTTGTCGTGC	GTGYCAGCMGCCGCGGTA	5/8/14	11/5/15	442720B														
NYDH1350	GTCATCAGGTGTTGTCGTGC	GTGYCAGCMGCCGCGGTA	5/29/14	11/5/15	223730B														
NYDH1383	GTTCACCTCCACAGATCGAT	GTGYCAGCMGCCGCGGTA	5/29/14	11/10/15	445480B														
NYDH1293	GTGTGTCACCACAGATCGAT	GTGYCAGCMGCCGCGGTA	5/8/14	11/10/15	140660B														
NYDH1320	GTGTCAGTGTGTTGTCGTGC	GTGYCAGCMGCCGCGGTA	5/8/14	11/5/15	333290A														
NYDH1292	GTAGAGGTACAACACTCCGA	GTGYCAGCMGCCGCGGTA	5/8/14	11/11/15	140660A														
NYDH1290	GTCACTCTCCACAGATCGAT	GTGYCAGCMGCCGCGGTA	5/8/14	11/10/15	134690A														
NYDH1224	GTCAACTGCCACAGATCGAT	GTGYCAGCMGCCGCGGTA	4/1/14	11/10/15	332250A														
NYDH1291	GTGTGAGACCACAGATCGAT	GTGYCAGCMGCCGCGGTA	5/8/14	11/10/15	222200A														
NYDH1244	GTGTCTGACCACAGATCGAT	GTGYCAGCMGCCGCGGTA	4/1/14	11/10/15	332250B														
NYDH1285	GTCAGACTGTGTTGTCGTGC	GTGYCAGCMGCCGCGGTA	4/16/14	11/5/15	330430A														
NYDH1237	GTGTCTCTCCACAGATCGAT	GTGYCAGCMGCCGCGGTA	4/1/14	11/10/15	443530A														
NYDH1085	GTAGTGGAGTGTTGTCGTGC	GTGYCAGCMGCCGCGGTA	2/27/14	11/5/15	136010A														
NYDH1136	GTGATGAGGTGTTGTCGTGC	GTGYCAGCMGCCGCGGTA	3/21/14	11/5/15	331960A														
NYDH1131	GTAGTGGACCACAGATCGAT	GTGYCAGCMGCCGCGGTA	3/21/14	11/10/15	448720A														
NYDH1109	GTGATGTCCCACAGATCGAT	GTGYCAGCMGCCGCGGTA	3/21/14	11/10/15	220680A														
NYDH1438	GTGTTGACGTGTTGTCGTGC	GTGYCAGCMGCCGCGGTA	6/16/14	11/5/15	136800B														
NYDH0215	GTCAGTGTCTCACCTAGGAA	GTGYCAGCMGCCGCGGTA	10/9/13	10/13/15	445310A														
NYDH1046	GTAGTCGTGTGTTGTCGTGC	GTGYCAGCMGCCGCGGTA	2/27/14	11/5/15	136670B														
NYDH1161	GTGTAGTCCCACAGATCGAT	GTGYCAGCMGCCGCGGTA	3/21/14	11/10/15	137550A														
NYDH1002	GTGAGAGTCCACAGATCGAT	GTGYCAGCMGCCGCGGTA	2/12/14	11/10/15	443820B														
NYDH1121	GTAGTCGTCCACAGATCGAT	GTGYCAGCMGCCGCGGTA	3/21/14	11/10/15	326300A														
NYDH1038	GTAGTCCAGTGTTGTCGTGC	GTGYCAGCMGCCGCGGTA	2/27/14	11/5/15	550500B														
NYDH1008	GTGAGAGTGTGTTGTCGTGC	GTGYCAGCMGCCGCGGTA	2/27/14	11/5/15	550500A														
NYDH0928	GTAGAGGTGTGTTGTCGTGC	GTGYCAGCMGCCGCGGTA	2/12/14	11/5/15	327090A														
NYDH0882	GTAGACGAGTGTTGTCGTGC	GTGYCAGCMGCCGCGGTA	2/12/14	11/5/15	325580A														
NYDH0880	GTGACTCAGTGTTGTCGTGC	GTGYCAGCMGCCGCGGTA	2/12/14	11/5/15	549410B														
NYDH0847	GTAGCTACCCACAGATCGAT	GTGYCAGCMGCCGCGGTA	2/12/14	11/10/15	549010B														
NYDH0911	GTAGAGCAGTGTTGTCGTGC	GTGYCAGCMGCCGCGGTA	2/12/14	11/5/15	324970A														
NYDH1044	GTGAGTCTGTGTTGTCGTGC	GTGYCAGCMGCCGCGGTA	2/27/14	11/5/15	137490B														
NYDH1042	GTGAGTCTCCACAGATCGAT	GTGYCAGCMGCCGCGGTA	2/27/14	11/10/15	133430A														
NYDH1207	GTGTACTGGTGTTGTCGTGC	GTGYCAGCMGCCGCGGTA	4/1/14	11/5/15	135420A														
NYDH0988	GTGAGACACCACAGATCGAT	GTGYCAGCMGCCGCGGTA	2/12/14	11/10/15	136250A														
NYDH1235	GTAGAGCAACAACACTCCGA	GTGYCAGCMGCCGCGGTA	4/1/14	11/11/15	332120A														
NYDH1271	GTGTCACAGTGTTGTCGTGC	GTGYCAGCMGCCGCGGTA	4/16/14	11/5/15	327400A														
NYDH0213	GTCAGTCACTCACCTAGGAA	GTGYCAGCMGCCGCGGTA	10/9/13	10/13/15	331080A														
NYDH0595	GTACCAACGTGTTGTCGTGC	GTGYCAGCMGCCGCGGTA	12/12/13	11/5/15	327540A														
NYDH0258	GTCTAGTGCTCACCTAGGAA	GTGYCAGCMGCCGCGGTA	11/19/13	10/20/15	445830A														
NYDH0301	GTCTTCTGCTCACCTAGGAA	GTGYCAGCMGCCGCGGTA	11/19/13	10/20/15	445570A														
NYDH1440	GTCATCTCCCACAGATCGAT	GTGYCAGCMGCCGCGGTA	6/16/14	11/10/15	133570B														
NYDH1338	GTGTTCTCCCACAGATCGAT	GTGYCAGCMGCCGCGGTA	5/29/14	11/10/15	136520A														
NYDH1343	GTGTTGACCCACAGATCGAT	GTGYCAGCMGCCGCGGTA	5/29/14	11/10/15	138170A														
NYDH1304	GTGTGTGTCCACAGATCGAT	GTGYCAGCMGCCGCGGTA	5/8/14	11/10/15	139330B														
NYDH1336	GTGTCTGAGTGTTGTCGTGC	GTGYCAGCMGCCGCGGTA	5/29/14	11/5/15	221540B														
NYDH1413	GTACACGTACAACACTCCGA	GTGYCAGCMGCCGCGGTA	6/16/14	11/10/15	134370B														
NYDH1396	GTGTTCAGGTGTTGTCGTGC	GTGYCAGCMGCCGCGGTA	5/29/14	11/5/15	223020A														
NYDH1311	GTGTTCAGCCACAGATCGAT	GTGYCAGCMGCCGCGGTA	5/8/14	11/10/15	326840B														
NYDH1309	GTCAGTCAGTGTTGTCGTGC	GTGYCAGCMGCCGCGGTA	5/8/14	11/5/15	325070B														
NYDH1231	GTCACACAGTGTTGTCGTGC	GTGYCAGCMGCCGCGGTA	4/1/14	11/5/15	331920A														
NYDH1210	GTCAACACCCACAGATCGAT	GTGYCAGCMGCCGCGGTA	4/1/14	11/10/15	550110A														
NYDH1120	GTGATCTGGTGTTGTCGTGC	GTGYCAGCMGCCGCGGTA	3/21/14	11/5/15	549270A														
NYDH1104	GTCAACACGTGTTGTCGTGC	GTGYCAGCMGCCGCGGTA	3/21/14	11/5/15	326420A														
NYDH0931	GTAGCAAGGTGTTGTCGTGC	GTGYCAGCMGCCGCGGTA	2/12/14	11/5/15	221320A														
NYDH0963	GTAGGAACGTGTTGTCGTGC	GTGYCAGCMGCCGCGGTA	2/12/14	11/5/15	220160A														
NYDH1052	GTAGTGCTGTGTTGTCGTGC	GTGYCAGCMGCCGCGGTA	2/27/14	11/5/15	221760B														
NYDH1107	GTGAGTGAGTGTTGTCGTGC	GTGYCAGCMGCCGCGGTA	3/21/14	11/5/15	141460A														
NYDH1274	GTCACAGTCCACAGATCGAT	GTGYCAGCMGCCGCGGTA	4/16/14	11/10/15	444840A														
NYDH1124	GTCAACTGGTGTTGTCGTGC	GTGYCAGCMGCCGCGGTA	3/21/14	11/5/15	223910B														
NYDH1132	GTGTACTGCCACAGATCGAT	GTGYCAGCMGCCGCGGTA	3/21/14	11/10/15	330750A														
NYDH1222	GTGTAGTCGTGTTGTCGTGC	GTGYCAGCMGCCGCGGTA	4/1/14	11/5/15	331810B														
NYDH1378	GTGTTGTGCCACAGATCGAT	GTGYCAGCMGCCGCGGTA	5/29/14	11/10/15	550600A														
NYDH1195	GTCAAGAGGTGTTGTCGTGC	GTGYCAGCMGCCGCGGTA	3/21/14	11/5/15	330220A														
NYDH1228	GTCAAGTCCCACAGATCGAT	GTGYCAGCMGCCGCGGTA	4/1/14	11/10/15	330220B														
NYDH1434	GTAGCTACACAACACTCCGA	GTGYCAGCMGCCGCGGTA	6/16/14	11/11/15	550420A														
NYDH0760	GTGAACAGGTGTTGTCGTGC	GTGYCAGCMGCCGCGGTA	1/9/14	11/5/15	549560A														
NYDH0516	GTGTTGTGCTCACCTAGGAA	GTGYCAGCMGCCGCGGTA	12/12/13	10/27/15	549250A														
NYDH0513	GTGTTCTCCTCACCTAGGAA	GTGYCAGCMGCCGCGGTA	12/12/13	10/27/15	549200A														
NYDH0643	GTCTCAGACCACAGATCGAT	GTGYCAGCMGCCGCGGTA	12/12/13	11/10/15	328780B														
NYDH0515	GTGTTGACCTCACCTAGGAA	GTGYCAGCMGCCGCGGTA	12/12/13	10/27/15	325980A														
NYDH0759	GTCTTGTCGTGTTGTCGTGC	GTGYCAGCMGCCGCGGTA	1/9/14	11/5/15	549180A														
NYDH1415	GTCATCAGCCACAGATCGAT	GTGYCAGCMGCCGCGGTA	6/16/14	11/10/15	136800A														
NYDH1353	GTCAGTCACCACAGATCGAT	GTGYCAGCMGCCGCGGTA	5/29/14	11/10/15	140360B														
NYDH1366	GTGTGTCAGTGTTGTCGTGC	GTGYCAGCMGCCGCGGTA	5/29/14	11/5/15	221540A														
NYDH1342	GTGTGAGAGTGTTGTCGTGC	GTGYCAGCMGCCGCGGTA	5/29/14	11/5/15	444420B														
NYDH1341	GTCAGAGACCACAGATCGAT	GTGYCAGCMGCCGCGGTA	5/29/14	11/10/15	444420A														
NYDH1301	GTCAGAGAGTGTTGTCGTGC	GTGYCAGCMGCCGCGGTA	5/8/14	11/5/15	444360B														
NYDH0681	GTACGTTGCCACAGATCGAT	GTGYCAGCMGCCGCGGTA	1/9/14	11/10/15	447480A														
NYDH0638	GTACCTTCACAACACTCCGA	GTGYCAGCMGCCGCGGTA	12/12/13	11/11/15	447360A														
NYDH0730	GTCTGTCTGTGTTGTCGTGC	GTGYCAGCMGCCGCGGTA	1/9/14	11/5/15	447430A														
NYDH0873	GTAGCTTGCCACAGATCGAT	GTGYCAGCMGCCGCGGTA	2/12/14	11/10/15	135360A														
NYDH0955	GTAGCTTGGTGTTGTCGTGC	GTGYCAGCMGCCGCGGTA	2/12/14	11/5/15	137770A														
NYDH0957	GTGACTCACCACAGATCGAT	GTGYCAGCMGCCGCGGTA	2/12/14	11/10/15	135310B														
NYDH0503	GTGTTCAGCTCACCTAGGAA	GTGYCAGCMGCCGCGGTA	12/12/13	10/27/15	135160A														
NYDH0793	GTAGAGCACCACAGATCGAT	GTGYCAGCMGCCGCGGTA	1/9/14	11/10/15	447040A														
NYDH0635	GTACCTTCGTGTTGTCGTGC	GTGYCAGCMGCCGCGGTA	12/12/13	11/5/15	446620A														
NYDH0627	GTACCATGCCACAGATCGAT	GTGYCAGCMGCCGCGGTA	12/12/13	11/10/15	135700A														
NYDH0655	GTACGAAGCCACAGATCGAT	GTGYCAGCMGCCGCGGTA	12/12/13	11/10/15	324650A														
NYDH0654	GTACCTTCCCACAGATCGAT	GTGYCAGCMGCCGCGGTA	12/12/13	11/10/15	324650B														
NYDH0653	GTCTCTCAGTGTTGTCGTGC	GTGYCAGCMGCCGCGGTA	12/12/13	11/5/15	324510A														
NYDH0776	GTAGACCTCCACAGATCGAT	GTGYCAGCMGCCGCGGTA	1/9/14	11/10/15	326080A														
NYDH0749	GTCTTCTGGTGTTGTCGTGC	GTGYCAGCMGCCGCGGTA	1/9/14	11/5/15	326230B														
NYDH0940	GTAGCATCGTGTTGTCGTGC	GTGYCAGCMGCCGCGGTA	2/12/14	11/5/15	330680A														
NYDH0173	GTAGTGGACTCACCTAGGAA	GTGYCAGCMGCCGCGGTA	10/9/13	10/2/15	220180B														
NYDH0522	GTTCACCTCTCACCTAGGAA	GTGYCAGCMGCCGCGGTA	12/12/13	11/5/15	223510B														
NYDH0532	GTACACGTGTGTTGTCGTGC	GTGYCAGCMGCCGCGGTA	12/12/13	11/5/15	220550B														
NYDH0550	GTACCAACACAACACTCCGA	GTGYCAGCMGCCGCGGTA	12/12/13	11/11/15	220580B														
NYDH0624	GTACCTAGGTGTTGTCGTGC	GTGYCAGCMGCCGCGGTA	12/12/13	11/5/15	220550A														
NYDH0203	GTCAGACTCTCACCTAGGAA	GTGYCAGCMGCCGCGGTA	10/9/13	10/13/15	221930A														
NYDH0442	GTGTAGTCCTCACCTAGGAA	GTGYCAGCMGCCGCGGTA	11/19/13	10/27/15	325200A														
NYDH1412	GTGTTCTCGTGTTGTCGTGC	GTGYCAGCMGCCGCGGTA	6/16/14	11/5/15	443970B														
NYDH0558	GTACAGGAGTGTTGTCGTGC	GTGYCAGCMGCCGCGGTA	12/12/13	11/5/15	223530A														
NYDH0527	GTCTACAGGTGTTGTCGTGC	GTGYCAGCMGCCGCGGTA	12/12/13	11/5/15	222040B														
NYDH0777	GTACGTTGACAACACTCCGA	GTGYCAGCMGCCGCGGTA	1/9/14	11/11/15	221130A														
NYDH0885	GTAGGAACCCACAGATCGAT	GTGYCAGCMGCCGCGGTA	2/12/14	11/10/15	221060A														
NYDH1123	GTGTACACCCACAGATCGAT	GTGYCAGCMGCCGCGGTA	3/21/14	11/10/15	220620A														
NYDH1203	GTGTACACGTGTTGTCGTGC	GTGYCAGCMGCCGCGGTA	4/1/14	11/5/15	224310A														
NYDH0598	GTACCATGGTGTTGTCGTGC	GTGYCAGCMGCCGCGGTA	12/12/13	11/5/15	443600A														
NYDH0407	GTGACTGTCTCACCTAGGAA	GTGYCAGCMGCCGCGGTA	11/19/13	10/22/15	139880A														
NYDH0223	GTCATGACCTCACCTAGGAA	GTGYCAGCMGCCGCGGTA	10/9/13	10/20/15	140620A														
NYDH1460	GTCATGTGCCACAGATCGAT	GTGYCAGCMGCCGCGGTA	6/16/14	11/10/15	330850B														
NYDH1512	GTAGCTTGACAACACTCCGA	GTGYCAGCMGCCGCGGTA	6/24/14	11/11/15	447810B														
NYDH0202	GTCACTGACTCACCTAGGAA	GTGYCAGCMGCCGCGGTA	10/9/13	10/13/15	443560A														
NYDH0406	GTGACTCACTCACCTAGGAA	GTGYCAGCMGCCGCGGTA	11/19/13	10/22/15	140100A														
NYDH1258	GTCACACACCACAGATCGAT	GTGYCAGCMGCCGCGGTA	4/16/14	11/10/15	442140A														
NYDH1165	GTGTCACACCACAGATCGAT	GTGYCAGCMGCCGCGGTA	3/21/14	11/10/15	135760B														
NYDH0545	GTACAGCTGTGTTGTCGTGC	GTGYCAGCMGCCGCGGTA	12/12/13	11/5/15	442800A														
NYDH0439	GTGTACTGCTCACCTAGGAA	GTGYCAGCMGCCGCGGTA	11/19/13	10/27/15	442960A														
NYDH0398	GTGACACTCTCACCTAGGAA	GTGYCAGCMGCCGCGGTA	11/19/13	10/22/15	442980B														
NYDH0170	GTAGTGCTCTCACCTAGGAA	GTGYCAGCMGCCGCGGTA	10/9/13	10/2/15	328330A														
NYDH0348	GTGAGAGTCTCACCTAGGAA	GTGYCAGCMGCCGCGGTA	11/19/13	10/22/15	325030A														
NYDH0356	GTGAGTGACTCACCTAGGAA	GTGYCAGCMGCCGCGGTA	11/19/13	10/22/15	332100A														
NYDH0274	GTCTCAGACTCACCTAGGAA	GTGYCAGCMGCCGCGGTA	11/19/13	10/20/15	324930A														
NYDH0181	GTCAACTGCTCACCTAGGAA	GTGYCAGCMGCCGCGGTA	10/9/13	10/2/15	330950A														
NYDH0179	GTCAACACCTCACCTAGGAA	GTGYCAGCMGCCGCGGTA	10/9/13	10/2/15	328680A														
NYDH0186	GTCAAGTCCTCACCTAGGAA	GTGYCAGCMGCCGCGGTA	10/9/13	10/2/15	332700A														
NYDH0626	GTCTCACTCCACAGATCGAT	GTGYCAGCMGCCGCGGTA	12/12/13	11/10/15	135700B														
NYDH0539	GTCTAGTGGTGTTGTCGTGC	GTGYCAGCMGCCGCGGTA	12/12/13	11/5/15	140870A														
NYDH0366	GTGATGAGCTCACCTAGGAA	GTGYCAGCMGCCGCGGTA	11/19/13	10/22/15	140020A														
NYDH1259	GTCACTGAGTGTTGTCGTGC	GTGYCAGCMGCCGCGGTA	4/16/14	11/5/15	444590B														
NYDH1297	GTCACTGACCACAGATCGAT	GTGYCAGCMGCCGCGGTA	5/8/14	11/10/15	441690A														
NYDH0157	GTAGTCGTCTCACCTAGGAA	GTGYCAGCMGCCGCGGTA	10/9/13	10/2/15	448900A														
NYDH0499	GTGTGTCACTCACCTAGGAA	GTGYCAGCMGCCGCGGTA	12/12/13	10/27/15	329450A														
NYDH0393	GTGAAGACCTCACCTAGGAA	GTGYCAGCMGCCGCGGTA	11/19/13	10/22/15	332850B														
NYDH0197	GTCACTCTCTCACCTAGGAA	GTGYCAGCMGCCGCGGTA	10/9/13	10/13/15	444750A														
NYDH0962	GTGACTGTCCACAGATCGAT	GTGYCAGCMGCCGCGGTA	2/12/14	11/10/15	137700A														
NYDH0069	GTAGCAAGCTCACCTAGGAA	GTGYCAGCMGCCGCGGTA	10/9/13	8/12/15	330500A														
NYDH0060	GTAGACGACTCACCTAGGAA	GTGYCAGCMGCCGCGGTA	10/9/13	8/12/15	325470A														
NYDH0095	GTAGCTACCTCACCTAGGAA	GTGYCAGCMGCCGCGGTA	10/9/13	8/14/15	328360A														
NYDH1036	GTAGGTTCGTGTTGTCGTGC	GTGYCAGCMGCCGCGGTA	2/27/14	11/5/15	549770A														
NYDH0106	GTAGCTTGCTCACCTAGGAA	GTGYCAGCMGCCGCGGTA	10/9/13	8/14/15	331940B														
NYDH0240	GTCTAGACCTCACCTAGGAA	GTGYCAGCMGCCGCGGTA	11/19/13	10/20/15	332630A														
NYDH0230	GTCTACTCCTCACCTAGGAA	GTGYCAGCMGCCGCGGTA	11/19/13	10/20/15	447340A														
NYDH0805	GTACTCGAGTGTTGTCGTGC	GTGYCAGCMGCCGCGGTA	1/9/14	11/5/15	444240B														
NYDH0804	GTGACACTGTGTTGTCGTGC	GTGYCAGCMGCCGCGGTA	1/9/14	11/5/15	444240A														
NYDH0091	GTAGCATCCTCACCTAGGAA	GTGYCAGCMGCCGCGGTA	10/9/13	8/12/15	222070A														
NYDH0216	GTCATCAGCTCACCTAGGAA	GTGYCAGCMGCCGCGGTA	10/9/13	10/13/15	221870B														
NYDH0362	GTGATCTGCTCACCTAGGAA	GTGYCAGCMGCCGCGGTA	11/19/13	10/22/15	221970B														
NYDH0361	GTGATCACCTCACCTAGGAA	GTGYCAGCMGCCGCGGTA	11/19/13	10/22/15	221970A														
NYDH0399	GTGACAGACTCACCTAGGAA	GTGYCAGCMGCCGCGGTA	11/19/13	10/22/15	222870A														
NYDH0038	GTACCTTCCTCACCTAGGAA	GTGYCAGCMGCCGCGGTA	10/9/13	8/1/15	223450A														
NYDH0438	GTGTACACCTCACCTAGGAA	GTGYCAGCMGCCGCGGTA	11/19/13	10/27/15	223550B														
NYDH0206	GTCAGAGACTCACCTAGGAA	GTGYCAGCMGCCGCGGTA	10/9/13	10/13/15	441950B														
NYDH0286	GTCTGAGTCTCACCTAGGAA	GTGYCAGCMGCCGCGGTA	11/19/13	10/20/15	448160B														
NYDH0285	GTCTGACACTCACCTAGGAA	GTGYCAGCMGCCGCGGTA	11/19/13	10/20/15	448160A														
NYDH0152	GTAGTCCACTCACCTAGGAA	GTGYCAGCMGCCGCGGTA	10/9/13	10/2/15	138270A														
NYDH0225	GTCATGTGCTCACCTAGGAA	GTGYCAGCMGCCGCGGTA	10/9/13	10/20/15	220090A														
NYDH0136	GTAGGATGCTCACCTAGGAA	GTGYCAGCMGCCGCGGTA	10/9/13	8/14/15	140520A														
NYDH0305	GTCTTGAGCTCACCTAGGAA	GTGYCAGCMGCCGCGGTA	11/19/13	10/20/15	324580B														
NYDH0546	GTCTCAGAGTGTTGTCGTGC	GTGYCAGCMGCCGCGGTA	12/12/13	11/5/15	442280A														
NYDH0502	GTGTGTGTCTCACCTAGGAA	GTGYCAGCMGCCGCGGTA	12/12/13	10/27/15	325300A														
NYDH0715	GTACGATCGTGTTGTCGTGC	GTGYCAGCMGCCGCGGTA	1/9/14	11/5/15	328870B														
NYDH0601	GTACCTAGACAACACTCCGA	GTGYCAGCMGCCGCGGTA	12/12/13	11/11/15	328900A														
NYDH0041	GTACGATCCTCACCTAGGAA	GTGYCAGCMGCCGCGGTA	10/9/13	8/1/15	220690A														
NYDH0184	GTCAAGAGCTCACCTAGGAA	GTGYCAGCMGCCGCGGTA	10/9/13	10/2/15	220130A														
NYDH0040	GTACGAAGCTCACCTAGGAA	GTGYCAGCMGCCGCGGTA	10/9/13	8/1/15	448740A														
NYDH0061	GTAGAGCACTCACCTAGGAA	GTGYCAGCMGCCGCGGTA	10/9/13	8/12/15	448770A														
NYDH0191	GTCACACACTCACCTAGGAA	GTGYCAGCMGCCGCGGTA	10/9/13	10/2/15	141370A														
NYDH0145	GTAGGTTCCTCACCTAGGAA	GTGYCAGCMGCCGCGGTA	10/9/13	10/2/15	328230A														
NYDH0033	GTACCAACCTCACCTAGGAA	GTGYCAGCMGCCGCGGTA	10/9/13	8/1/15	327250A														
NYDH0034	GTACCATGCTCACCTAGGAA	GTGYCAGCMGCCGCGGTA	10/9/13	8/1/15	327100A														
NYDH0055	GTACTGCACTCACCTAGGAA	GTGYCAGCMGCCGCGGTA	10/9/13	8/12/15	327140A														
NYDH0194	GTCACAGTCTCACCTAGGAA	GTGYCAGCMGCCGCGGTA	10/9/13	10/13/15	550060B														
NYDH1381	GTGTGTGTGTGTTGTCGTGC	GTGYCAGCMGCCGCGGTA	5/29/14	11/5/15	550560B														
NYDH0058	GTACTGGTCTCACCTAGGAA	GTGYCAGCMGCCGCGGTA	10/9/13	8/12/15	447610A														
NYDH0036	GTACCTAGCTCACCTAGGAA	GTGYCAGCMGCCGCGGTA	10/9/13	8/1/15	141490A														
NYDH0059	GTAGACCTCTCACCTAGGAA	GTGYCAGCMGCCGCGGTA	10/9/13	8/12/15	224180A														
NYDH0316	GTGAACAGCTCACCTAGGAA	GTGYCAGCMGCCGCGGTA	11/19/13	10/20/15	221150A														
NYDH0028	GTACAGGACTCACCTAGGAA	GTGYCAGCMGCCGCGGTA	10/9/13	8/1/15	220560B														
NYDH0044	GTACGTACCTCACCTAGGAA	GTGYCAGCMGCCGCGGTA	10/9/13	8/1/15	220590A														
NYDH0026	GTACAGCTCTCACCTAGGAA	GTGYCAGCMGCCGCGGTA	10/9/13	8/1/15	140400A														
NYDH0126	GTAGGAACCTCACCTAGGAA	GTGYCAGCMGCCGCGGTA	10/9/13	8/14/15	139920A														
NYDH0051	GTACTCGACTCACCTAGGAA	GTGYCAGCMGCCGCGGTA	10/9/13	8/12/15	139470A														
NYDH0021	GTACACGTCTCACCTAGGAA	GTGYCAGCMGCCGCGGTA	10/9/13	8/1/15	326730A														
NYDH0047	GTACTCCTCTCACCTAGGAA	GTGYCAGCMGCCGCGGTA	10/9/13	8/12/15	326850A														
NYDH0762	GTGAACTCGTGTTGTCGTGC	GTGYCAGCMGCCGCGGTA	1/9/14	11/5/15	446650A														
NYDH0218	GTCATCTCCTCACCTAGGAA	GTGYCAGCMGCCGCGGTA	10/9/13	10/20/15	325120A														
NYDH0064	GTAGAGGTCTCACCTAGGAA	GTGYCAGCMGCCGCGGTA	10/9/13	8/12/15	325640A														
0	GTCACTCTGTGTTGTCGTGC	GTGYCAGCMGCCGCGGTA	NA	NA	NA														
20151013CZTME1	GTAGGAACACAACACTCCGA	GTGYCAGCMGCCGCGGTA	NA	NA	NA														
20151020CZE3	GTAGGTTCACAACACTCCGA	GTGYCAGCMGCCGCGGTA	NA	NA	NA														
20151020CZE4	GTAGTCGTACAACACTCCGA	GTGYCAGCMGCCGCGGTA	NA	NA	NA														
20151020TME1	GTAGGATGACAACACTCCGA	GTGYCAGCMGCCGCGGTA	NA	NA	NA														
20151020TME2	GTAGGTAGACAACACTCCGA	GTGYCAGCMGCCGCGGTA	NA	NA	NA														
20151021TME5	GTAGTCCAACAACACTCCGA	GTGYCAGCMGCCGCGGTA	NA	NA	NA														
20151027CZE7	GTAGTGGAACAACACTCCGA	GTGYCAGCMGCCGCGGTA	NA	NA	NA														
20151027TME6	GTAGTGCTACAACACTCCGA	GTGYCAGCMGCCGCGGTA	NA	NA	NA														
20151105CZE9	GTCAACTGACAACACTCCGA	GTGYCAGCMGCCGCGGTA	NA	NA	NA														
20151105TME8	GTCAACACACAACACTCCGA	GTGYCAGCMGCCGCGGTA	NA	NA	NA														
20151110CZE11	GTCAAGTCACAACACTCCGA	GTGYCAGCMGCCGCGGTA	NA	NA	NA														
20151110TME10	GTCAAGAGACAACACTCCGA	GTGYCAGCMGCCGCGGTA	NA	NA	NA														
20151111TME12	GTCACACAACAACACTCCGA	GTGYCAGCMGCCGCGGTA	NA	NA	NA														
NC1	GTACAGCTACAACACTCCGA	GTGYCAGCMGCCGCGGTA	NA	NA	NA														
NC2	GTGAAGTGGTGTTGTCGTGC	GTGYCAGCMGCCGCGGTA	NA	NA	NA														
NYDH0362c	GTCTTCACACAACACTCCGA	GTGYCAGCMGCCGCGGTA	11/19/13	10/22/15	221970B														
NYDH0291c	GTCTGTCTACAACACTCCGA	GTGYCAGCMGCCGCGGTA	11/19/13	10/20/15	220950A														
NYDH0230c	GTCTGACAACAACACTCCGA	GTGYCAGCMGCCGCGGTA	11/19/13	10/20/15	447340A														
NYDH0293c	GTCTGTGAACAACACTCCGA	GTGYCAGCMGCCGCGGTA	11/19/13	10/20/15	332160A														
NYDH0487R	GTCAGTGTACAACACTCCGA	GTGYCAGCMGCCGCGGTA	12/12/13	10/27/15	443770A														
NYDH0060R	GTCACTCTACAACACTCCGA	GTGYCAGCMGCCGCGGTA	10/9/13	8/12/15	325470A														
NYDH0036R	GTCACAGTACAACACTCCGA	GTGYCAGCMGCCGCGGTA	10/9/13	8/1/15	141490A														
NYDH0492R	GTCATCAGACAACACTCCGA	GTGYCAGCMGCCGCGGTA	12/12/13	10/27/15	329250B														
NYDH1353R	GTCTAGACACAACACTCCGA	GTGYCAGCMGCCGCGGTA	5/29/14	11/10/15	140360B														
NYDH0051R	GTCAGAGAACAACACTCCGA	GTGYCAGCMGCCGCGGTA	10/9/13	8/12/15	139470A														
NYDH0218c	GTCTCTCAACAACACTCCGA	GTGYCAGCMGCCGCGGTA	10/9/13	10/20/15	325120A														
NYDH0522R	GTCATCTCACAACACTCCGA	GTGYCAGCMGCCGCGGTA	12/12/13	11/5/15	223510B														
NYDH0223c	GTCTCTGTACAACACTCCGA	GTGYCAGCMGCCGCGGTA	10/9/13	10/20/15	140620A														
NYDH0152R	GTCACTGAACAACACTCCGA	GTGYCAGCMGCCGCGGTA	10/9/13	10/2/15	138270A														
NYDH0527R	GTCATGACACAACACTCCGA	GTGYCAGCMGCCGCGGTA	12/12/13	11/5/15	222040B														
NYDH0262c	GTCTGAGTACAACACTCCGA	GTGYCAGCMGCCGCGGTA	11/19/13	10/20/15	333110A														
NYDH0213R	GTCAGACTACAACACTCCGA	GTGYCAGCMGCCGCGGTA	10/9/13	10/13/15	331080A														
NYDH0931R	GTCTACTCACAACACTCCGA	GTGYCAGCMGCCGCGGTA	2/12/14	11/5/15	221320A														
NYDH0126c	GTCTCACTACAACACTCCGA	GTGYCAGCMGCCGCGGTA	10/9/13	8/14/15	139920A														
NYDH0988c	GTGAACAGACAACACTCCGA	GTGYCAGCMGCCGCGGTA	2/12/14	11/10/15	136250A														
NYDH0157c	GTCTCAGAACAACACTCCGA	GTGYCAGCMGCCGCGGTA	10/9/13	10/2/15	448900A														
NYDH0661R	GTCATGTGACAACACTCCGA	GTGYCAGCMGCCGCGGTA	12/12/13	11/10/15	329710A														
NYDH0972c	GTCTTCTGACAACACTCCGA	GTGYCAGCMGCCGCGGTA	2/12/14	11/10/15	326000B														
NYDH0893R	GTCTACAGACAACACTCCGA	GTGYCAGCMGCCGCGGTA	2/12/14	11/10/15	327600B														
NYDH1460R	GTCTAGTGACAACACTCCGA	GTGYCAGCMGCCGCGGTA	6/16/14	11/10/15	330850B														
NYDH0649c	GTCTTGAGACAACACTCCGA	GTGYCAGCMGCCGCGGTA	12/12/13	11/10/15	133370A														
NYDH0545R	GTCAGTCAACAACACTCCGA	GTGYCAGCMGCCGCGGTA	12/12/13	11/5/15	442800A														
NYDH1042c	GTGAACTCACAACACTCCGA	GTGYCAGCMGCCGCGGTA	2/27/14	11/10/15	133430A														
NYDH0691c	GTCTTGTCACAACACTCCGA	GTGYCAGCMGCCGCGGTA	1/9/14	11/10/15	220510A														